#target_x,target_y,target_z
28.139495610524847,-26.849746923947645,55.70251268783028
